{
    "batch_size": 128,
    "best_eval_metric": 0.567058265209198,
    "best_increase_batch_size_eval_metric": Infinity,
    "best_reduce_learning_rate_eval_metric": Infinity,
    "epoch": 10,
    "last_improvement": 1320,
    "last_improvement_steps": 1320,
    "last_increase_batch_size": 0,
    "last_increase_batch_size_eval_metric_improvement": 0,
    "last_increase_batch_size_steps": 0,
    "last_learning_rate_reduction": 0,
    "last_learning_rate_reduction_steps": 0,
    "last_reduce_learning_rate_eval_metric_improvement": 0,
    "learning_rate": 0.001,
    "num_increases_batch_size": 0,
    "num_reductions_learning_rate": 0,
    "steps": 2640,
    "test_metrics": {
        "combined": {
            "loss": [
                [
                    0,
                    264,
                    0.8011684417724609
                ],
                [
                    1,
                    528,
                    0.8890936374664307
                ],
                [
                    2,
                    792,
                    0.6819998621940613
                ],
                [
                    3,
                    1056,
                    0.6927582621574402
                ],
                [
                    4,
                    1320,
                    0.5889160633087158
                ],
                [
                    5,
                    1584,
                    0.6671662926673889
                ],
                [
                    6,
                    1848,
                    0.581510066986084
                ],
                [
                    7,
                    2112,
                    0.6993927359580994
                ],
                [
                    8,
                    2376,
                    0.823258638381958
                ],
                [
                    9,
                    2640,
                    0.7931612730026245
                ]
            ]
        },
        "recommended": {
            "accuracy": [
                [
                    0,
                    264,
                    0.6640894412994385
                ],
                [
                    1,
                    528,
                    0.6164455413818359
                ],
                [
                    2,
                    792,
                    0.6936579346656799
                ],
                [
                    3,
                    1056,
                    0.7196739912033081
                ],
                [
                    4,
                    1320,
                    0.7421377301216125
                ],
                [
                    5,
                    1584,
                    0.7430780529975891
                ],
                [
                    6,
                    1848,
                    0.7624072432518005
                ],
                [
                    7,
                    2112,
                    0.7187336683273315
                ],
                [
                    8,
                    2376,
                    0.7230174541473389
                ],
                [
                    9,
                    2640,
                    0.7282415628433228
                ]
            ],
            "loss": [
                [
                    0,
                    264,
                    0.8011684417724609
                ],
                [
                    1,
                    528,
                    0.8890936374664307
                ],
                [
                    2,
                    792,
                    0.6819998621940613
                ],
                [
                    3,
                    1056,
                    0.6927582621574402
                ],
                [
                    4,
                    1320,
                    0.5889160633087158
                ],
                [
                    5,
                    1584,
                    0.6671662926673889
                ],
                [
                    6,
                    1848,
                    0.581510066986084
                ],
                [
                    7,
                    2112,
                    0.6993927359580994
                ],
                [
                    8,
                    2376,
                    0.823258638381958
                ],
                [
                    9,
                    2640,
                    0.7931612730026245
                ]
            ],
            "roc_auc": [
                [
                    0,
                    264,
                    0.6835063099861145
                ],
                [
                    1,
                    528,
                    0.7615224719047546
                ],
                [
                    2,
                    792,
                    0.796044111251831
                ],
                [
                    3,
                    1056,
                    0.8089575171470642
                ],
                [
                    4,
                    1320,
                    0.8189045190811157
                ],
                [
                    5,
                    1584,
                    0.8219499588012695
                ],
                [
                    6,
                    1848,
                    0.8231652975082397
                ],
                [
                    7,
                    2112,
                    0.8171248435974121
                ],
                [
                    8,
                    2376,
                    0.8150079846382141
                ],
                [
                    9,
                    2640,
                    0.8122279644012451
                ]
            ]
        }
    },
    "train_metrics": {
        "combined": {
            "loss": [
                [
                    0,
                    264,
                    0.7318499684333801
                ],
                [
                    1,
                    528,
                    0.7407292723655701
                ],
                [
                    2,
                    792,
                    0.49798890948295593
                ],
                [
                    3,
                    1056,
                    0.4685378670692444
                ],
                [
                    4,
                    1320,
                    0.3392435312271118
                ],
                [
                    5,
                    1584,
                    0.36957454681396484
                ],
                [
                    6,
                    1848,
                    0.26483234763145447
                ],
                [
                    7,
                    2112,
                    0.34497663378715515
                ],
                [
                    8,
                    2376,
                    0.42238736152648926
                ],
                [
                    9,
                    2640,
                    0.3640197813510895
                ]
            ]
        },