{
    "test": {
        "combined": {
            "loss": [
                0.8011684417724609,
                0.8890936374664307,
                0.6819998621940613,
                0.6927582621574402,
                0.5889160633087158,
                0.6671662926673889,
                0.581510066986084,
                0.6993927359580994,
                0.823258638381958,
                0.7931612730026245
            ]
        },
        "recommended": {
            "accuracy": [
                0.6640894412994385,
                0.6164455413818359,
                0.6936579346656799,
                0.7196739912033081,
                0.7421377301216125,
                0.7430780529975891,
                0.7624072432518005,
                0.7187336683273315,
                0.7230174541473389,
                0.7282415628433228
            ],
            "loss": [
                0.8011684417724609,
                0.8890936374664307,
                0.6819998621940613,
                0.6927582621574402,
                0.5889160633087158,
                0.6671662926673889,
                0.581510066986084,
                0.6993927359580994,
                0.823258638381958,
                0.7931612730026245
            ],
            "roc_auc": [
                0.6835063099861145,
                0.7615224719047546,
                0.796044111251831,
                0.8089575171470642,
                0.8189045190811157,
                0.8219499588012695,
                0.8231652975082397,
                0.8171248435974121,
                0.8150079846382141,
                0.8122279644012451
            ]
        }
    },
    "training": {
        "combined": {
            "loss": [
                0.7318499684333801,
                0.7407292723655701,
                0.49798890948295593,
                0.4685378670692444,
                0.3392435312271118,
                0.36957454681396484,
                0.26483234763145447,
                0.34497663378715515,
                0.42238736152648926,
                0.3640197813510895
            ]
        },
        "recommended": {
            "accuracy": [
                0.6838483810424805,
                0.6624948382377625,
                0.7676315307617188,
                0.7888368368148804,
                0.8486268520355225,
                0.8314846754074097,
                0.890444278717041,
                0.8472329378128052,
                0.8163888454437256,
                0.8403523564338684
            ],
            "loss": [
                0.7318499684333801,
                0.7407292723655701,
                0.49798890948295593,
                0.4685378670692444,
                0.3392435312271118,
                0.36957454681396484,
                0.26483234763145447,
                0.34497663378715515,
                0.42238736152648926,
                0.3640197813510895
            ],
            "roc_auc": [
                0.7143220901489258,
                0.8319377899169922,
                0.8876280188560486,
                0.9160079956054688,
                0.9358282089233398,
                0.9488266110420227,
                0.9538467526435852,
                0.9562444686889648,
                0.9582218527793884,
                0.9627500772476196
            ]
        }
    },
    "validation": {
        "combined": {
            "loss": [
                0.769930362701416,
                0.8606416583061218,
                0.6661354899406433,
                0.6828466653823853,
                0.567058265209198,
                0.6548349261283875,
                0.568329393863678,
                0.6679586172103882,
                0.8219549655914307,
                0.7859663367271423
            ]
        },
        "recommended": {
            "accuracy": [
                0.6663128733634949,
                0.6210995316505432,
                0.6900870203971863,
                0.7285077571868896,
                0.7584376931190491,
                0.7450647354125977,
                0.7705370187759399,
                0.7276586890220642,
                0.7342390418052673,
                0.741456151008606
            ],
            "loss": [
                0.769930362701416,
                0.8606416583061218,
                0.6661354899406433,
                0.6828466653823853,
                0.567058265209198,
                0.6548349261283875,
                0.568329393863678,
                0.6679586172103882,
                0.8219549655914307,
                0.7859663367271423
            ],
            "roc_auc": [
                0.6912901401519775,
                0.768112063407898,
                0.7970010638237,
                0.810210645198822,
                0.8265601992607117,
                0.827090859413147,
                0.8279377818107605,
                0.8260023593902588,
                0.8177906274795532,
                0.8156945109367371
            ]
        }
    }
}